date,id,referee,home_team,away_team,home_goals,away_goals,result,total_goals,goal_diff
2023-08-11 19:00:00,1044885,B. Bastien,Nice,Lille,1,1,1,2,0
2023-08-12 15:00:00,1044884,E. Wattellier,Marseille,Reims,2,1,0,3,1
2023-08-12 19:00:00,1044881,B. Dechepy,Paris Saint Germain,Lorient,0,0,1,0,0
2023-08-13 11:00:00,1044889,J. Pignard,Stade Brestois 29,Lens,3,2,0,5,1
2023-08-13 13:00:00,1044888,C. Turpin,Montpellier,Le Havre,2,2,1,4,0
2023-08-13 13:00:00,1044887,W. Delajod,Nantes,Toulouse,1,2,2,3,-1
2023-08-13 13:00:00,1044886,F. Letexier,Clermont Foot,Monaco,2,4,2,6,-2
2023-08-13 15:05:00,1044883,J. Stinat,Rennes,Metz,5,1,0,6,4
2023-08-13 18:45:00,1044882,J. Brisard,Strasbourg,Lyon,2,1,0,3,1
2023-08-18 19:00:00,1044898,J. Brisard,Metz,Marseille,2,2,1,4,0
2023-08-19 17:00:00,1044894,M. Vernice,Lyon,Montpellier,1,4,2,5,-3
2023-08-19 19:00:00,1044890,T. Léonard,Toulouse,Paris Saint Germain,1,1,1,2,0
2023-08-20 11:00:00,1044893,P. Gaillouste,Lille,Nantes,2,0,0,2,2
2023-08-20 13:00:00,1044895,R. Lissorgue,Reims,Clermont Foot,2,0,0,2,2
2023-08-20 13:00:00,1044891,H. Ben El Hadj,Lorient,Nice,1,1,1,2,0
2023-08-20 13:00:00,1044897,F. Batta,Le Havre,Stade Brestois 29,1,2,2,3,-1
2023-08-20 17:00:00,1044892,R. Buquet,Monaco,Strasbourg,3,0,0,3,3
2023-08-20 18:45:00,1044896,B. Millot,Lens,Rennes,1,1,1,2,0
2023-08-25 19:00:00,1044906,J. Pignard,Nantes,Monaco,3,3,1,6,0
2023-08-26 17:00:00,1044902,J. Stinat,Marseille,Stade Brestois 29,2,0,0,2,2
2023-08-26 19:00:00,1044899,F. Letexier,Paris Saint Germain,Lens,3,1,0,4,2
2023-08-27 11:00:00,1044901,E. Wattellier,Rennes,Le Havre,2,2,1,4,0
2023-08-27 13:00:00,1044907,M. Bollengier,Montpellier,Reims,1,3,2,4,-2
2023-08-27 13:00:00,1044900,B. Bastien,Strasbourg,Toulouse,2,0,0,2,2
2023-08-27 13:00:00,1044905,G. Angoula,Clermont Foot,Metz,0,1,2,1,-1
2023-08-27 15:05:00,1044903,W. Delajod,Lorient,Lille,4,1,0,5,3
2023-08-27 18:45:00,1044904,B. Dechepy,Nice,Lyon,0,0,1,0,0
2023-09-01 19:00:00,1044913,R. Buquet,Nantes,Marseille,1,1,1,2,0
2023-09-02 15:00:00,1044916,H. Ben El Hadj,Stade Brestois 29,Rennes,0,0,1,0,0
2023-09-02 19:00:00,1044909,W. Delajod,Monaco,Lens,3,0,0,3,3
2023-09-03 11:00:00,1044908,F. Batta,Toulouse,Clermont Foot,2,2,1,4,0
2023-09-03 13:00:00,1044910,B. Millot,Lille,Montpellier,1,0,0,1,1
2023-09-03 13:00:00,1044914,R. Lissorgue,Le Havre,Lorient,3,0,0,3,3
2023-09-03 13:00:00,1044915,M. Vernice,Metz,Reims,2,2,1,4,0
2023-09-03 15:05:00,1044912,J. Stinat,Nice,Strasbourg,2,0,0,2,2
2023-09-03 18:45:00,1044911,E. Wattellier,Lyon,Paris Saint Germain,1,4,2,5,-3
2023-09-15 19:00:00,1044917,C. Turpin,Paris Saint Germain,Nice,2,3,2,5,-1
2023-09-16 15:00:00,1044919,J. Brisard,Rennes,Lille,2,2,1,4,0
2023-09-16 19:00:00,1044925,S. Frappart,Lens,Metz,0,1,2,1,-1
2023-09-17 11:00:00,1044921,M. Bollengier,Lorient,Monaco,2,2,1,4,0
2023-09-17 13:00:00,1044924,G. Angoula,Reims,Stade Brestois 29,1,2,2,3,-1
2023-09-17 13:00:00,1044918,P. Gaillouste,Strasbourg,Montpellier,2,2,1,4,0
2023-09-17 13:00:00,1044923,T. Léonard,Clermont Foot,Nantes,0,1,2,1,-1
2023-09-17 15:05:00,1044920,F. Letexier,Marseille,Toulouse,0,0,1,0,0
2023-09-17 18:45:00,1044922,B. Bastien,Lyon,Le Havre,0,0,1,0,0
2023-09-22 19:00:00,1044927,B. Millot,Monaco,Nice,0,1,2,1,-1
2023-09-23 15:00:00,1044930,F. Batta,Nantes,Lorient,5,3,0,8,2
2023-09-23 19:00:00,1044934,T. Léonard,Stade Brestois 29,Lyon,1,0,0,1,1
2023-09-24 11:00:00,1044932,C. Turpin,Metz,Strasbourg,0,1,2,1,-1
2023-09-24 13:00:00,1044931,M. Vernice,Le Havre,Clermont Foot,2,1,0,3,1
2023-09-24 13:00:00,1044929,H. Ben El Hadj,Lens,Toulouse,2,1,0,3,1
2023-09-24 15:05:00,1044933,S. Frappart,Montpellier,Rennes,0,0,1,0,0
2023-09-24 18:45:00,1044926,W. Delajod,Paris Saint Germain,Marseille,4,0,0,4,4
2023-09-26 19:00:00,1044928,E. Wattellier,Lille,Reims,1,2,2,3,-1
2023-09-29 19:00:00,1044935,J. Brisard,Strasbourg,Lens,0,1,2,1,-1
2023-09-30 15:00:00,1044941,M. Bollengier,Clermont Foot,Paris Saint Germain,0,0,1,0,0
2023-09-30 19:00:00,1044939,B. Bastien,Monaco,Marseille,3,2,0,5,1
2023-10-01 11:00:00,1044942,F. Letexier,Reims,Lyon,2,0,0,2,2
2023-10-01 13:00:00,1044940,R. Lissorgue,Nice,Stade Brestois 29,0,0,1,0,0
2023-10-01 13:00:00,1044937,G. Angoula,Toulouse,Metz,3,0,0,3,3
2023-10-01 13:00:00,1044943,B. Dechepy,Le Havre,Lille,0,2,2,2,-2
2023-10-01 15:05:00,1044938,J. Stinat,Lorient,Montpellier,0,3,2,3,-3
2023-10-01 18:45:00,1044936,R. Buquet,Rennes,Nantes,3,1,0,4,2
2023-10-06 19:00:00,1044944,S. Frappart,Strasbourg,Nantes,1,2,2,3,-1
2023-10-07 15:00:00,1044950,J. Brisard,Metz,Nice,0,1,2,1,-1
2023-10-07 19:00:00,1044948,H. Ben El Hadj,Reims,Monaco,1,3,2,4,-2
2023-10-08 11:00:00,1044946,T. Léonard,Marseille,Le Havre,3,0,0,3,3
2023-10-08 13:00:00,1044947,C. Turpin,Lyon,Lorient,3,3,1,6,0
2023-10-08 13:00:00,1044952,P. Gaillouste,Stade Brestois 29,Toulouse,1,1,1,2,0
2023-10-08 15:05:00,1044949,B. Millot,Lens,Lille,1,1,1,2,0
2023-10-08 18:45:00,1044945,B. Bastien,Rennes,Paris Saint Germain,1,3,2,4,-2
2023-10-20 19:00:00,1044961,F. Letexier,Le Havre,Lens,0,0,1,0,0
2023-10-21 15:00:00,1044953,B. Dechepy,Paris Saint Germain,Strasbourg,3,0,0,3,3
2023-10-21 19:00:00,1044959,R. Buquet,Nice,Marseille,1,0,0,1,1
2023-10-22 11:00:00,1044955,G. Angoula,Lorient,Rennes,2,1,0,3,1
2023-10-22 13:00:00,1044954,J. Stinat,Toulouse,Reims,1,1,1,2,0
2023-10-22 13:00:00,1044960,M. Bollengier,Nantes,Montpellier,2,0,0,2,2
2023-10-22 13:00:00,1044957,H. Ben El Hadj,Lille,Stade Brestois 29,1,0,0,1,1
2023-10-22 15:05:00,1044956,R. Lissorgue,Monaco,Metz,2,1,0,3,1
2023-10-22 18:45:00,1044958,W. Delajod,Lyon,Clermont Foot,1,2,2,3,-1
2023-10-27 19:00:00,1044965,J. Pignard,Clermont Foot,Nice,0,1,2,1,-1
2023-10-28 15:00:00,1044966,B. Bastien,Reims,Lorient,1,0,0,1,1
2023-10-28 19:00:00,1044967,P. Gaillouste,Lens,Nantes,4,0,0,4,4
2023-10-29 12:00:00,1044970,J. Brisard,Stade Brestois 29,Paris Saint Germain,2,3,2,5,-1
2023-10-29 14:00:00,1044968,H. Ben El Hadj,Metz,Le Havre,0,0,1,0,0
2023-10-29 14:00:00,1044969,T. Léonard,Montpellier,Toulouse,3,0,0,3,3
2023-10-29 14:00:00,1044964,C. Turpin,Lille,Monaco,2,0,0,2,2
2023-10-29 16:05:00,1044962,F. Batta,Rennes,Strasbourg,1,1,1,2,0
2023-11-03 20:00:00,1044971,R. Buquet,Paris Saint Germain,Montpellier,3,0,0,3,3
2023-11-04 16:00:00,1044975,B. Dechepy,Lorient,Lens,0,0,1,0,0
2023-11-04 20:00:00,1044974,S. Frappart,Marseille,Lille,0,0,1,0,0
2023-11-05 12:00:00,1044977,B. Millot,Lyon,Metz,1,1,1,2,0
2023-11-05 14:00:00,1044979,G. Angoula,Nantes,Reims,0,1,2,1,-1
2023-11-05 14:00:00,1044972,J. Stinat,Strasbourg,Clermont Foot,0,0,1,0,0
2023-11-05 14:00:00,1044973,M. Bollengier,Toulouse,Le Havre,1,2,2,3,-1
2023-11-05 16:05:00,1044976,E. Wattellier,Monaco,Stade Brestois 29,2,0,0,2,2
2023-11-05 19:45:00,1044978,C. Turpin,Nice,Rennes,2,0,0,2,2
2023-11-10 20:00:00,1044987,H. Ben El Hadj,Montpellier,Nice,0,0,1,0,0
2023-11-11 16:00:00,1044983,W. Delajod,Reims,Paris Saint Germain,0,3,2,3,-3
2023-11-11 20:00:00,1044985,T. Léonard,Le Havre,Monaco,0,0,1,0,0
2023-11-12 14:00:00,1044981,M. Vernice,Lille,Toulouse,1,1,1,2,0
2023-11-12 14:00:00,1044982,R. Lissorgue,Clermont Foot,Lorient,1,0,0,1,1
2023-11-12 14:00:00,1044986,F. Batta,Metz,Nantes,3,1,0,4,2
2023-11-12 16:05:00,1044980,S. Frappart,Rennes,Lyon,0,1,2,1,-1
2023-11-12 19:45:00,1044984,B. Bastien,Lens,Marseille,1,0,0,1,1
2023-11-24 20:00:00,1044989,B. Bastien,Paris Saint Germain,Monaco,5,2,0,7,3
2023-11-25 16:00:00,1044995,B. Millot,Clermont Foot,Lens,0,3,2,3,-3
2023-11-25 20:00:00,1044990,J. Brisard,Strasbourg,Marseille,1,1,1,2,0
2023-11-26 12:00:00,1044994,F. Letexier,Nice,Toulouse,1,0,0,1,1
2023-11-26 14:00:00,1044997,P. Gaillouste,Montpellier,Stade Brestois 29,1,3,2,4,-2
2023-11-26 14:00:00,1044996,Miguel Nogueira,Nantes,Le Havre,0,0,1,0,0
2023-11-26 14:00:00,1044992,J. Pignard,Lorient,Metz,2,3,2,5,-1
2023-11-26 16:05:00,1044991,R. Buquet,Rennes,Reims,3,1,0,4,2
2023-11-26 19:45:00,1044993,E. Wattellier,Lyon,Lille,0,2,2,2,-2
2023-11-29 18:00:00,1044951,M. Vernice,Montpellier,Clermont Foot,1,1,1,2,0
2023-12-01 20:00:00,1045002,H. Ben El Hadj,Reims,Strasbourg,2,1,0,3,1
2023-12-02 16:00:00,1045003,C. Turpin,Lens,Lyon,3,2,0,5,1
2023-12-02 20:00:00,1045004,R. Buquet,Nantes,Nice,1,0,0,1,1
2023-12-03 12:00:00,1045005,B. Dechepy,Le Havre,Paris Saint Germain,0,2,2,2,-2
2023-12-03 14:00:00,1045000,J. Stinat,Monaco,Montpellier,2,0,0,2,2
2023-12-03 14:00:00,1044998,T. Léonard,Toulouse,Lorient,1,1,1,2,0
2023-12-03 14:00:00,1045006,M. Bollengier,Stade Brestois 29,Clermont Foot,3,0,0,3,3
2023-12-03 16:05:00,1045001,G. Angoula,Lille,Metz,2,0,0,2,2
2023-12-03 19:45:00,1044999,W. Delajod,Marseille,Rennes,2,0,0,2,2
2023-12-06 20:00:00,1044963,F. Letexier,Marseille,Lyon,3,0,0,3,3
2023-12-07 19:30:00,1044988,J. Pignard,Stade Brestois 29,Strasbourg,1,1,1,2,0
2023-12-08 20:00:00,1045015,S. Frappart,Montpellier,Lens,0,0,1,0,0
2023-12-09 16:00:00,1045009,C. Turpin,Rennes,Monaco,1,2,2,3,-1
2023-12-09 20:00:00,1045007,J. Brisard,Paris Saint Germain,Nantes,2,1,0,3,1
2023-12-10 12:00:00,1045012,B. Bastien,Nice,Reims,2,1,0,3,1
2023-12-10 14:00:00,1045008,B. Millot,Strasbourg,Le Havre,2,1,0,3,1
2023-12-10 14:00:00,1045013,F. Batta,Clermont Foot,Lille,0,0,1,0,0
2023-12-10 14:00:00,1045014,R. Lissorgue,Metz,Stade Brestois 29,0,1,2,1,-1
2023-12-10 16:05:00,1045011,P. Gaillouste,Lyon,Toulouse,3,0,0,3,3
2023-12-10 19:45:00,1045010,E. Wattellier,Lorient,Marseille,2,4,2,6,-2
2023-12-15 20:00:00,1045019,R. Buquet,Monaco,Lyon,0,1,2,1,-1
2023-12-16 16:00:00,1045023,J. Pignard,Le Havre,Nice,3,1,0,4,2
2023-12-16 20:00:00,1045021,F. Letexier,Lens,Reims,2,0,0,2,2
2023-12-17 12:00:00,1045022,B. Millot,Nantes,Stade Brestois 29,0,2,2,2,-2
2023-12-17 14:00:00,1045016,J. Stinat,Toulouse,Rennes,0,0,1,0,0
2023-12-17 14:00:00,1045018,B. Dechepy,Lorient,Strasbourg,1,2,2,3,-1
2023-12-17 14:00:00,1045024,M. Bollengier,Metz,Montpellier,0,1,2,1,-1
2023-12-17 16:05:00,1045017,G. Angoula,Marseille,Clermont Foot,2,1,0,3,1
2023-12-17 19:45:00,1045020,W. Delajod,Lille,Paris Saint Germain,1,1,1,2,0
2023-12-20 20:00:00,1045028,B. Bastien,Lyon,Nantes,1,0,0,1,1
2023-12-20 20:00:00,1045032,T. Léonard,Montpellier,Marseille,1,1,1,2,0
2023-12-20 20:00:00,1045029,H. Ben El Hadj,Nice,Lens,2,0,0,2,2
2023-12-20 20:00:00,1045025,R. Buquet,Paris Saint Germain,Metz,3,1,0,4,2
2023-12-20 20:00:00,1045031,S. Frappart,Reims,Le Havre,1,0,0,1,1
2023-12-20 20:00:00,1045026,C. Turpin,Strasbourg,Lille,2,1,0,3,1
2023-12-20 20:00:00,1045027,J. Brisard,Toulouse,Monaco,1,2,2,3,-1
2023-12-20 20:00:00,1045030,E. Wattellier,Clermont Foot,Rennes,1,3,2,4,-2
2023-12-20 20:00:00,1045033,M. Vernice,Stade Brestois 29,Lorient,4,0,0,4,4
2024-01-12 20:00:00,1045035,M. Bollengier,Marseille,Strasbourg,1,1,1,2,0
2024-01-13 16:00:00,1045036,F. Letexier,Monaco,Reims,1,3,2,4,-2
2024-01-13 20:00:00,1045034,B. Dechepy,Rennes,Nice,2,0,0,2,2
2024-01-14 12:00:00,1045037,P. Gaillouste,Lille,Lorient,3,0,0,3,3
2024-01-14 14:00:00,1045038,R. Lissorgue,Nantes,Clermont Foot,1,2,2,3,-1
2024-01-14 14:00:00,1045041,J. Pignard,Stade Brestois 29,Montpellier,2,0,0,2,2
2024-01-14 14:00:00,1045040,F. Batta,Metz,Toulouse,0,1,2,1,-1
2024-01-14 16:05:00,1045039,G. Angoula,Le Havre,Lyon,3,1,0,4,2
2024-01-14 19:45:00,1045042,J. Brisard,Lens,Paris Saint Germain,0,2,2,2,-2
2024-01-26 20:00:00,1045047,T. Léonard,Lyon,Rennes,2,3,2,5,-1
2024-01-27 16:00:00,1045048,S. Frappart,Nice,Metz,1,0,0,1,1
2024-01-27 20:00:00,1045045,W. Delajod,Marseille,Monaco,2,2,1,4,0
2024-01-28 12:00:00,1045051,H. Ben El Hadj,Montpellier,Lille,0,0,1,0,0
2024-01-28 14:00:00,1045050,J. Pignard,Reims,Nantes,0,0,1,0,0
2024-01-28 14:00:00,1045046,J. Stinat,Lorient,Le Havre,3,3,1,6,0
2024-01-28 14:00:00,1045049,B. Millot,Clermont Foot,Strasbourg,1,1,1,2,0
2024-01-28 16:05:00,1045044,M. Vernice,Toulouse,Lens,0,2,2,2,-2
2024-01-28 19:45:00,1045043,C. Turpin,Paris Saint Germain,Stade Brestois 29,2,2,1,4,0
2024-02-02 20:00:00,1045052,R. Buquet,Strasbourg,Paris Saint Germain,1,2,2,3,-1
2024-02-03 16:00:00,1045053,M. Vernice,Rennes,Montpellier,2,1,0,3,1
2024-02-03 20:00:00,1045058,F. Batta,Nantes,Lens,0,1,2,1,-1
2024-02-04 12:00:00,1045054,J. Brisard,Monaco,Le Havre,1,1,1,2,0
2024-02-04 14:00:00,1045055,B. Dechepy,Lille,Clermont Foot,4,0,0,4,4
2024-02-04 14:00:00,1045057,P. Gaillouste,Reims,Toulouse,2,3,2,5,-1
2024-02-04 14:00:00,1045059,R. Lissorgue,Metz,Lorient,1,2,2,3,-1
2024-02-04 16:05:00,1045060,J. Stinat,Stade Brestois 29,Nice,0,0,1,0,0
2024-02-04 19:45:00,1045056,B. Bastien,Lyon,Marseille,1,0,0,1,1
2024-02-09 20:00:00,1045063,H. Ben El Hadj,Marseille,Metz,1,1,1,2,0
2024-02-10 16:00:00,1045067,W. Delajod,Lens,Strasbourg,3,1,0,4,2
2024-02-10 20:00:00,1045061,F. Letexier,Paris Saint Germain,Lille,3,1,0,4,2
2024-02-11 12:00:00,1045068,B. Millot,Le Havre,Rennes,0,1,2,1,-1
2024-02-11 14:00:00,1045062,G. Angoula,Toulouse,Nantes,1,2,2,3,-1
2024-02-11 14:00:00,1045064,M. Bollengier,Lorient,Reims,2,0,0,2,2
2024-02-11 14:00:00,1045066,S. Frappart,Clermont Foot,Stade Brestois 29,1,1,1,2,0
2024-02-11 16:05:00,1045069,P. Gaillouste,Montpellier,Lyon,1,2,2,3,-1
2024-02-11 19:45:00,1045065,E. Wattellier,Nice,Monaco,2,3,2,5,-1
2024-02-16 20:00:00,1045074,C. Turpin,Lyon,Nice,1,0,0,1,1
2024-02-17 16:00:00,1045073,J. Pignard,Lille,Le Havre,3,0,0,3,3
2024-02-17 20:00:00,1045076,J. Brisard,Nantes,Paris Saint Germain,0,2,2,2,-2
2024-02-18 12:00:00,1045070,T. Léonard,Strasbourg,Lorient,1,3,2,4,-2
2024-02-18 14:00:00,1045077,J. Stinat,Montpellier,Metz,3,0,0,3,3
2024-02-18 14:00:00,1045072,B. Bastien,Monaco,Toulouse,1,2,2,3,-1
2024-02-18 14:00:00,1045071,R. Lissorgue,Rennes,Clermont Foot,3,1,0,4,2
2024-02-18 16:05:00,1045075,B. Millot,Reims,Lens,1,1,1,2,0
2024-02-18 19:45:00,1045078,R. Buquet,Stade Brestois 29,Marseille,1,0,0,1,1
2024-02-23 20:00:00,1045087,M. Bollengier,Metz,Lyon,1,2,2,3,-1
2024-02-24 16:00:00,1045083,W. Delajod,Lorient,Nantes,0,1,2,1,-1
2024-02-24 20:00:00,1045080,J. Brisard,Strasbourg,Stade Brestois 29,0,3,2,3,-3
2024-02-25 12:00:00,1045085,F. Letexier,Lens,Monaco,2,3,2,5,-1
2024-02-25 14:00:00,1045084,H. Ben El Hadj,Nice,Clermont Foot,0,0,1,0,0
2024-02-25 14:00:00,1045081,M. Vernice,Toulouse,Lille,3,1,0,4,2
2024-02-25 14:00:00,1045086,F. Batta,Le Havre,Reims,1,2,2,3,-1
2024-02-25 16:05:00,1045079,B. Dechepy,Paris Saint Germain,Rennes,1,1,1,2,0
2024-02-25 19:45:00,1045082,J. Pignard,Marseille,Montpellier,4,1,0,5,3
2024-03-01 20:00:00,1045090,R. Buquet,Monaco,Paris Saint Germain,0,0,1,0,0
2024-03-02 16:00:00,1045093,J. Stinat,Reims,Lille,0,1,2,1,-1
2024-03-02 20:00:00,1045092,T. Léonard,Clermont Foot,Marseille,1,5,2,6,-4
2024-03-03 12:00:00,1045089,J. Pignard,Toulouse,Nice,2,1,0,3,1
2024-03-03 14:00:00,1045095,S. Frappart,Montpellier,Strasbourg,2,2,1,4,0
2024-03-03 14:00:00,1045094,E. Wattellier,Nantes,Metz,0,2,2,2,-2
2024-03-03 14:00:00,1045096,P. Gaillouste,Stade Brestois 29,Le Havre,1,0,0,1,1
2024-03-03 16:05:00,1045088,B. Bastien,Rennes,Lorient,1,2,2,3,-1
2024-03-03 19:45:00,1045091,J. Brisard,Lyon,Lens,0,3,2,3,-3
2024-03-08 20:00:00,1045102,R. Buquet,Nice,Montpellier,1,2,2,3,-1
2024-03-09 16:00:00,1045100,M. Vernice,Lorient,Lyon,0,2,2,2,-2
2024-03-09 20:00:00,1045103,S. Frappart,Lens,Stade Brestois 29,1,0,0,1,1
2024-03-10 12:00:00,1045097,W. Delajod,Paris Saint Germain,Reims,2,2,1,4,0
2024-03-10 14:00:00,1045105,G. Angoula,Metz,Clermont Foot,1,0,0,1,1
2024-03-10 14:00:00,1045098,C. Turpin,Strasbourg,Monaco,0,1,2,1,-1
2024-03-10 14:00:00,1045104,R. Lissorgue,Le Havre,Toulouse,1,0,0,1,1
2024-03-10 16:05:00,1045101,B. Millot,Lille,Rennes,2,2,1,4,0
2024-03-10 19:45:00,1045099,F. Letexier,Marseille,Nantes,2,0,0,2,2
2024-03-15 20:00:00,1045107,J. Stinat,Toulouse,Lyon,2,3,2,5,-1
2024-03-16 16:00:00,1045112,J. Pignard,Nantes,Strasbourg,1,3,2,4,-2
2024-03-16 20:00:00,1045111,B. Bastien,Lens,Nice,1,3,2,4,-2
2024-03-17 12:00:00,1045114,C. Turpin,Stade Brestois 29,Lille,1,1,1,2,0
2024-03-17 14:00:00,1045109,M. Bollengier,Clermont Foot,Le Havre,2,1,0,3,1
2024-03-17 14:00:00,1045110,H. Ben El Hadj,Reims,Metz,2,1,0,3,1
2024-03-17 14:00:00,1045108,B. Dechepy,Monaco,Lorient,2,2,1,4,0
2024-03-17 16:05:00,1045106,E. Wattellier,Rennes,Marseille,2,0,0,2,2
2024-03-17 19:45:00,1045113,F. Batta,Montpellier,Paris Saint Germain,2,6,2,8,-4
2024-03-29 20:00:00,1045118,W. Delajod,Lille,Lens,2,1,0,3,1
2024-03-30 16:00:00,1045123,E. Wattellier,Metz,Monaco,2,5,2,7,-3
2024-03-30 20:00:00,1045119,T. Léonard,Lyon,Reims,1,1,1,2,0
2024-03-31 11:00:00,1045117,J. Brisard,Lorient,Stade Brestois 29,0,1,2,1,-1
2024-03-31 13:00:00,1045122,M. Vernice,Le Havre,Montpellier,0,2,2,2,-2
2024-03-31 13:00:00,1045121,P. Gaillouste,Clermont Foot,Toulouse,0,3,2,3,-3
2024-03-31 13:00:00,1045120,B. Dechepy,Nice,Nantes,1,2,2,3,-1
2024-03-31 15:05:00,1045115,H. Ben El Hadj,Strasbourg,Rennes,2,0,0,2,2
2024-03-31 18:45:00,1045116,B. Bastien,Marseille,Paris Saint Germain,0,2,2,2,-2
2024-04-05 19:00:00,1045127,B. Dechepy,Lille,Marseille,3,1,0,4,2
2024-04-06 15:00:00,1045129,F. Letexier,Lens,Le Havre,1,1,1,2,0
2024-04-06 19:00:00,1045124,G. Angoula,Paris Saint Germain,Clermont Foot,1,1,1,2,0
2024-04-07 11:00:00,1045132,B. Millot,Stade Brestois 29,Metz,4,3,0,7,1
2024-04-07 13:00:00,1045128,E. Wattellier,Reims,Nice,0,0,1,0,0
2024-04-07 13:00:00,1045125,R. Buquet,Toulouse,Strasbourg,0,0,1,0,0
2024-04-07 13:00:00,1045131,R. Lissorgue,Montpellier,Lorient,2,0,0,2,2
2024-04-07 15:05:00,1045126,S. Frappart,Monaco,Rennes,1,0,0,1,1
2024-04-07 18:45:00,1045130,J. Brisard,Nantes,Lyon,1,3,2,4,-2
2024-04-12 19:00:00,1045141,R. Lissorgue,Metz,Lens,2,1,0,3,1
2024-04-13 15:00:00,1045133,W. Delajod,Strasbourg,Reims,3,1,0,4,2
2024-04-13 19:00:00,1045134,F. Batta,Rennes,Toulouse,1,2,2,3,-1
2024-04-14 11:00:00,1045140,H. Ben El Hadj,Le Havre,Nantes,0,1,2,1,-1
2024-04-14 13:00:00,1045139,T. Léonard,Clermont Foot,Montpellier,1,1,1,2,0
2024-04-14 18:45:00,1045138,M. Vernice,Lyon,Stade Brestois 29,4,3,0,7,1
2024-04-19 19:00:00,1045145,J. Stinat,Nice,Lorient,3,0,0,3,3
2024-04-20 15:00:00,1045148,W. Delajod,Nantes,Rennes,0,3,2,3,-3
2024-04-20 19:00:00,1045147,B. Bastien,Lens,Clermont Foot,1,0,0,1,1
2024-04-21 13:00:00,1045144,B. Millot,Lille,Strasbourg,1,0,0,1,1
2024-04-21 13:00:00,1045146,P. Gaillouste,Reims,Montpellier,1,2,2,3,-1
2024-04-21 13:00:00,1045149,M. Bollengier,Le Havre,Metz,0,1,2,1,-1
2024-04-21 15:05:00,1045150,R. Buquet,Stade Brestois 29,Monaco,0,2,2,2,-2
2024-04-21 17:00:00,1045143,C. Turpin,Toulouse,Marseille,2,2,1,4,0
2024-04-21 19:00:00,1045142,F. Letexier,Paris Saint Germain,Lyon,4,1,0,5,3
2024-04-24 17:00:00,1045136,M. Bollengier,Lorient,Paris Saint Germain,1,4,2,5,-3
2024-04-24 19:00:00,1045137,C. Turpin,Monaco,Lille,1,0,0,1,1
2024-04-24 19:00:00,1045135,J. Pignard,Marseille,Nice,2,2,1,4,0
2024-04-26 19:00:00,1045159,J. Stinat,Montpellier,Nantes,1,1,1,2,0
2024-04-27 19:00:00,1045151,W. Delajod,Paris Saint Germain,Le Havre,3,3,1,6,0
2024-04-28 11:00:00,1045158,S. Frappart,Metz,Lille,1,2,2,3,-1
2024-04-28 13:00:00,1045152,T. Léonard,Strasbourg,Nice,1,3,2,4,-2
2024-04-28 13:00:00,1045155,G. Angoula,Lorient,Toulouse,1,2,2,3,-1
2024-04-28 13:00:00,1045157,F. Batta,Clermont Foot,Reims,4,1,0,5,3
2024-04-28 15:05:00,1045153,B. Bastien,Rennes,Stade Brestois 29,4,5,2,9,-1
2024-04-28 17:00:00,1045156,B. Dechepy,Lyon,Monaco,3,2,0,5,1
2024-04-28 19:00:00,1045154,E. Wattellier,Marseille,Lens,2,1,0,3,1
2024-05-03 17:00:00,1045160,M. Bollengier,Toulouse,Montpellier,1,2,2,3,-1
2024-05-03 19:00:00,1045165,J. Pignard,Lens,Lorient,2,0,0,2,2
2024-05-04 13:00:00,1045166,J. Brisard,Le Havre,Strasbourg,3,1,0,4,2
2024-05-04 15:00:00,1045161,H. Ben El Hadj,Monaco,Clermont Foot,4,1,0,5,3
2024-05-04 17:00:00,1045167,R. Buquet,Metz,Rennes,2,3,2,5,-1
2024-05-04 19:00:00,1045168,C. Turpin,Stade Brestois 29,Nantes,0,0,1,0,0
2024-05-06 19:00:00,1045162,B. Bastien,Lille,Lyon,3,4,2,7,-1
2024-05-10 19:00:00,1045177,J. Brisard,Stade Brestois 29,Reims,1,1,1,2,0
2024-05-10 19:00:00,1045173,B. Bastien,Nice,Le Havre,1,0,0,1,1
2024-05-12 19:00:00,1045174,P. Gaillouste,Clermont Foot,Lyon,0,1,2,1,-1
2024-05-12 19:00:00,1045170,F. Letexier,Strasbourg,Metz,2,1,0,3,1
2024-05-12 19:00:00,1045171,B. Millot,Rennes,Lens,1,1,1,2,0
2024-05-12 19:00:00,1045172,B. Dechepy,Marseille,Lorient,3,1,0,4,2
2024-05-12 19:00:00,1045175,E. Wattellier,Nantes,Lille,1,2,2,3,-1
2024-05-12 19:00:00,1045176,S. Frappart,Montpellier,Monaco,0,2,2,2,-2
2024-05-12 19:00:00,1045169,F. Batta,Paris Saint Germain,Toulouse,1,3,2,4,-2
2024-05-15 19:00:00,1045163,R. Buquet,Nice,Paris Saint Germain,1,2,2,3,-1
2024-05-15 19:00:00,1045164,H. Ben El Hadj,Reims,Marseille,1,0,0,1,1
2024-05-19 19:00:00,1045186,G. Angoula,Metz,Paris Saint Germain,0,2,2,2,-2
2024-05-19 19:00:00,1045181,W. Delajod,Lille,Nice,2,2,1,4,0
2024-05-19 19:00:00,1045182,E. Wattellier,Lyon,Strasbourg,2,1,0,3,1
2024-05-19 19:00:00,1045180,R. Lissorgue,Monaco,Nantes,4,0,0,4,4
2024-05-19 19:00:00,1045183,M. Vernice,Reims,Rennes,2,1,0,3,1
2024-05-19 19:00:00,1045178,J. Pignard,Toulouse,Stade Brestois 29,0,3,2,3,-3
2024-05-19 19:00:00,1045179,C. Turpin,Lorient,Clermont Foot,5,0,0,5,5
2024-05-19 19:00:00,1045185,J. Stinat,Le Havre,Marseille,1,2,2,3,-1
2024-05-19 19:00:00,1045184,T. Léonard,Lens,Montpellier,2,2,1,4,0
2024-05-30 18:30:00,1201624,B. Millot,Saint Etienne,Metz,2,1,0,3,1
2024-06-02 15:00:00,1201625,J. Brisard,Metz,Saint Etienne,2,2,1,4,0
